Artist Christine D'Addario,http://www.christinedaddario.com
Artist Christine D'Addario,http://www.christinedaddario.com
Artist Christine D'Addario,http://www.christinedaddario.com
Artist Christine D'Addario,http://www.christinedaddario.com
Artist Christine D'Addario,http://www.christinedaddario.com
Artist Verna D'Alto,http://www.daltoart.com
Artist Christine D'Addario,http://www.christinedaddario.com
Artist Christine D'Addario,http://www.christinedaddario.com
Artist Verna D'Alto,http://www.daltoart.com
Artist Verna D'Alto,http://www.daltoart.com
Artist Christine D'Addario,http://www.christinedaddario.com
Artist Christine D'Addario,http://www.christinedaddario.com
Artist Verna D'Alto,http://www.daltoart.com
Artist Verna D'Alto,http://www.daltoart.com
Artist Sam D'Ambruoso,http://www.samdambruoso.com
Artist Christine D'Addario,http://www.christinedaddario.com
Artist Christine D'Addario,http://www.christinedaddario.com
Artist Verna D'Alto,http://www.daltoart.com
Artist Verna D'Alto,http://www.daltoart.com
Artist Sam D'Ambruoso,http://www.samdambruoso.com
Artist Sam D'Ambruoso,http://www.samdambruoso.com
Artist Christine D'Addario,http://www.christinedaddario.com
Artist Christine D'Addario,http://www.christinedaddario.com
Artist Verna D'Alto,http://www.daltoart.com
Artist Verna D'Alto,http://www.daltoart.com
Artist Sam D'Ambruoso,http://www.samdambruoso.com
Artist Sam D'Ambruoso,http://www.samdambruoso.com
Artist Suzanne K D'Arcy,http://www.suzannekdarcyfineart.com/
Artist Christine D'Addario,http://www.christinedaddario.com
Artist Christine D'Addario,http://www.christinedaddario.com
Artist Verna D'Alto,http://www.daltoart.com
Artist Verna D'Alto,http://www.daltoart.com
Artist Sam D'Ambruoso,http://www.samdambruoso.com
Artist Sam D'Ambruoso,http://www.samdambruoso.com
Artist Suzanne K D'Arcy,http://www.suzannekdarcyfineart.com/
Artist Suzanne K D'Arcy,http://www.suzannekdarcyfineart.com/
Artist Christine D'Addario,http://www.christinedaddario.com
Artist Christine D'Addario,http://www.christinedaddario.com
Artist Verna D'Alto,http://www.daltoart.com
Artist Verna D'Alto,http://www.daltoart.com
Artist Sam D'Ambruoso,http://www.samdambruoso.com
Artist Sam D'Ambruoso,http://www.samdambruoso.com
Artist Suzanne K D'Arcy,http://www.suzannekdarcyfineart.com/
Artist Suzanne K D'Arcy,http://www.suzannekdarcyfineart.com/
Artist Alice Dobbin,http://www.alicedobbin.com
Artist Christine D'Addario,http://www.christinedaddario.com
Artist Christine D'Addario,http://www.christinedaddario.com
Artist Verna D'Alto,http://www.daltoart.com
Artist Verna D'Alto,http://www.daltoart.com
Artist Sam D'Ambruoso,http://www.samdambruoso.com
Artist Sam D'Ambruoso,http://www.samdambruoso.com
Artist Suzanne K D'Arcy,http://www.suzannekdarcyfineart.com/
Artist Suzanne K D'Arcy,http://www.suzannekdarcyfineart.com/
Artist Alice Dobbin,http://www.alicedobbin.com
Artist Alice Dobbin,http://www.alicedobbin.com
Artist Christine D'Addario,http://www.christinedaddario.com
Artist Christine D'Addario,http://www.christinedaddario.com
Artist Verna D'Alto,http://www.daltoart.com
Artist Verna D'Alto,http://www.daltoart.com
Artist Sam D'Ambruoso,http://www.samdambruoso.com
Artist Sam D'Ambruoso,http://www.samdambruoso.com
Artist Suzanne K D'Arcy,http://www.suzannekdarcyfineart.com/
Artist Suzanne K D'Arcy,http://www.suzannekdarcyfineart.com/
Artist Alice Dobbin,http://www.alicedobbin.com
Artist Alice Dobbin,http://www.alicedobbin.com
Artist Rose Dobbins,http://www.rosedobbins.com
Artist Christine D'Addario,http://www.christinedaddario.com
Artist Christine D'Addario,http://www.christinedaddario.com
Artist Verna D'Alto,http://www.daltoart.com
Artist Verna D'Alto,http://www.daltoart.com
Artist Sam D'Ambruoso,http://www.samdambruoso.com
Artist Sam D'Ambruoso,http://www.samdambruoso.com
Artist Suzanne K D'Arcy,http://www.suzannekdarcyfineart.com/
Artist Suzanne K D'Arcy,http://www.suzannekdarcyfineart.com/
Artist Alice Dobbin,http://www.alicedobbin.com
Artist Alice Dobbin,http://www.alicedobbin.com
Artist Rose Dobbins,http://www.rosedobbins.com
Artist Rose Dobbins,http://www.rosedobbins.com
Artist Christine D'Addario,http://www.christinedaddario.com
Artist Christine D'Addario,http://www.christinedaddario.com
Artist Verna D'Alto,http://www.daltoart.com
Artist Verna D'Alto,http://www.daltoart.com
Artist Sam D'Ambruoso,http://www.samdambruoso.com
Artist Sam D'Ambruoso,http://www.samdambruoso.com
Artist Suzanne K D'Arcy,http://www.suzannekdarcyfineart.com/
Artist Suzanne K D'Arcy,http://www.suzannekdarcyfineart.com/
Artist Alice Dobbin,http://www.alicedobbin.com
Artist Alice Dobbin,http://www.alicedobbin.com
Artist Rose Dobbins,http://www.rosedobbins.com
Artist Rose Dobbins,http://www.rosedobbins.com
Artist Sara Jane Doberstein,http://www.sarajanedoberstein.com
Artist Christine D'Addario,http://www.christinedaddario.com
Artist Christine D'Addario,http://www.christinedaddario.com
Artist Verna D'Alto,http://www.daltoart.com
Artist Verna D'Alto,http://www.daltoart.com
Artist Sam D'Ambruoso,http://www.samdambruoso.com
Artist Sam D'Ambruoso,http://www.samdambruoso.com
Artist Suzanne K D'Arcy,http://www.suzannekdarcyfineart.com/
Artist Suzanne K D'Arcy,http://www.suzannekdarcyfineart.com/
Artist Alice Dobbin,http://www.alicedobbin.com
Artist Alice Dobbin,http://www.alicedobbin.com
Artist Rose Dobbins,http://www.rosedobbins.com
Artist Rose Dobbins,http://www.rosedobbins.com
Artist Sara Jane Doberstein,http://www.sarajanedoberstein.com
Artist Sara Jane Doberstein,http://www.sarajanedoberstein.com
Artist Christine D'Addario,http://www.christinedaddario.com
Artist Christine D'Addario,http://www.christinedaddario.com
Artist Verna D'Alto,http://www.daltoart.com
Artist Verna D'Alto,http://www.daltoart.com
Artist Sam D'Ambruoso,http://www.samdambruoso.com
Artist Sam D'Ambruoso,http://www.samdambruoso.com
Artist Suzanne K D'Arcy,http://www.suzannekdarcyfineart.com/
Artist Suzanne K D'Arcy,http://www.suzannekdarcyfineart.com/
Artist Alice Dobbin,http://www.alicedobbin.com
Artist Alice Dobbin,http://www.alicedobbin.com
Artist Rose Dobbins,http://www.rosedobbins.com
Artist Rose Dobbins,http://www.rosedobbins.com
Artist Sara Jane Doberstein,http://www.sarajanedoberstein.com
Artist Sara Jane Doberstein,http://www.sarajanedoberstein.com
Artist Linda Dobkin,http://www.lindadobkin.com
Artist Christine D'Addario,http://www.christinedaddario.com
Artist Christine D'Addario,http://www.christinedaddario.com
Artist Verna D'Alto,http://www.daltoart.com
Artist Verna D'Alto,http://www.daltoart.com
Artist Sam D'Ambruoso,http://www.samdambruoso.com
Artist Sam D'Ambruoso,http://www.samdambruoso.com
Artist Suzanne K D'Arcy,http://www.suzannekdarcyfineart.com/
Artist Suzanne K D'Arcy,http://www.suzannekdarcyfineart.com/
Artist Alice Dobbin,http://www.alicedobbin.com
Artist Alice Dobbin,http://www.alicedobbin.com
Artist Rose Dobbins,http://www.rosedobbins.com
Artist Rose Dobbins,http://www.rosedobbins.com
Artist Sara Jane Doberstein,http://www.sarajanedoberstein.com
Artist Sara Jane Doberstein,http://www.sarajanedoberstein.com
Artist Linda Dobkin,http://www.lindadobkin.com
Artist Linda Dobkin,http://www.lindadobkin.com
Artist Christine D'Addario,http://www.christinedaddario.com
Artist Christine D'Addario,http://www.christinedaddario.com
Artist Verna D'Alto,http://www.daltoart.com
Artist Verna D'Alto,http://www.daltoart.com
Artist Sam D'Ambruoso,http://www.samdambruoso.com
Artist Sam D'Ambruoso,http://www.samdambruoso.com
Artist Suzanne K D'Arcy,http://www.suzannekdarcyfineart.com/
Artist Suzanne K D'Arcy,http://www.suzannekdarcyfineart.com/
Artist Alice Dobbin,http://www.alicedobbin.com
Artist Alice Dobbin,http://www.alicedobbin.com
Artist Rose Dobbins,http://www.rosedobbins.com
Artist Rose Dobbins,http://www.rosedobbins.com
Artist Sara Jane Doberstein,http://www.sarajanedoberstein.com
Artist Sara Jane Doberstein,http://www.sarajanedoberstein.com
Artist Linda Dobkin,http://www.lindadobkin.com
Artist Linda Dobkin,http://www.lindadobkin.com
Artist John Dobson,http://www.oneartbyjohndobson.com
Artist Christine D'Addario,http://www.christinedaddario.com
Artist Christine D'Addario,http://www.christinedaddario.com
Artist Verna D'Alto,http://www.daltoart.com
Artist Verna D'Alto,http://www.daltoart.com
Artist Sam D'Ambruoso,http://www.samdambruoso.com
Artist Sam D'Ambruoso,http://www.samdambruoso.com
Artist Suzanne K D'Arcy,http://www.suzannekdarcyfineart.com/
Artist Suzanne K D'Arcy,http://www.suzannekdarcyfineart.com/
Artist Alice Dobbin,http://www.alicedobbin.com
Artist Alice Dobbin,http://www.alicedobbin.com
Artist Rose Dobbins,http://www.rosedobbins.com
Artist Rose Dobbins,http://www.rosedobbins.com
Artist Sara Jane Doberstein,http://www.sarajanedoberstein.com
Artist Sara Jane Doberstein,http://www.sarajanedoberstein.com
Artist Linda Dobkin,http://www.lindadobkin.com
Artist Linda Dobkin,http://www.lindadobkin.com
Artist John Dobson,http://www.oneartbyjohndobson.com
Artist John Dobson,http://www.oneartbyjohndobson.com
Artist Christine D'Addario,http://www.christinedaddario.com
Artist Christine D'Addario,http://www.christinedaddario.com
Artist Verna D'Alto,http://www.daltoart.com
Artist Verna D'Alto,http://www.daltoart.com
Artist Sam D'Ambruoso,http://www.samdambruoso.com
Artist Sam D'Ambruoso,http://www.samdambruoso.com
Artist Suzanne K D'Arcy,http://www.suzannekdarcyfineart.com/
Artist Suzanne K D'Arcy,http://www.suzannekdarcyfineart.com/
Artist Alice Dobbin,http://www.alicedobbin.com
Artist Alice Dobbin,http://www.alicedobbin.com
Artist Rose Dobbins,http://www.rosedobbins.com
Artist Rose Dobbins,http://www.rosedobbins.com
Artist Sara Jane Doberstein,http://www.sarajanedoberstein.com
Artist Sara Jane Doberstein,http://www.sarajanedoberstein.com
Artist Linda Dobkin,http://www.lindadobkin.com
Artist Linda Dobkin,http://www.lindadobkin.com
Artist John Dobson,http://www.oneartbyjohndobson.com
Artist John Dobson,http://www.oneartbyjohndobson.com
Artist marin dobson,http://www.marindobsonpaintings.com
Artist Christine D'Addario,http://www.christinedaddario.com
Artist Christine D'Addario,http://www.christinedaddario.com
Artist Verna D'Alto,http://www.daltoart.com
Artist Verna D'Alto,http://www.daltoart.com
Artist Sam D'Ambruoso,http://www.samdambruoso.com
Artist Sam D'Ambruoso,http://www.samdambruoso.com
Artist Suzanne K D'Arcy,http://www.suzannekdarcyfineart.com/
Artist Suzanne K D'Arcy,http://www.suzannekdarcyfineart.com/
Artist Alice Dobbin,http://www.alicedobbin.com
Artist Alice Dobbin,http://www.alicedobbin.com
Artist Rose Dobbins,http://www.rosedobbins.com
Artist Rose Dobbins,http://www.rosedobbins.com
Artist Sara Jane Doberstein,http://www.sarajanedoberstein.com
Artist Sara Jane Doberstein,http://www.sarajanedoberstein.com
Artist Linda Dobkin,http://www.lindadobkin.com
Artist Linda Dobkin,http://www.lindadobkin.com
Artist John Dobson,http://www.oneartbyjohndobson.com
Artist John Dobson,http://www.oneartbyjohndobson.com
Artist marin dobson,http://www.marindobsonpaintings.com
Artist marin dobson,http://www.marindobsonpaintings.com
Artist Christine D'Addario,http://www.christinedaddario.com
Artist Christine D'Addario,http://www.christinedaddario.com
Artist Verna D'Alto,http://www.daltoart.com
Artist Verna D'Alto,http://www.daltoart.com
Artist Sam D'Ambruoso,http://www.samdambruoso.com
Artist Sam D'Ambruoso,http://www.samdambruoso.com
Artist Suzanne K D'Arcy,http://www.suzannekdarcyfineart.com/
Artist Suzanne K D'Arcy,http://www.suzannekdarcyfineart.com/
Artist Alice Dobbin,http://www.alicedobbin.com
Artist Alice Dobbin,http://www.alicedobbin.com
Artist Rose Dobbins,http://www.rosedobbins.com
Artist Rose Dobbins,http://www.rosedobbins.com
Artist Sara Jane Doberstein,http://www.sarajanedoberstein.com
Artist Sara Jane Doberstein,http://www.sarajanedoberstein.com
Artist Linda Dobkin,http://www.lindadobkin.com
Artist Linda Dobkin,http://www.lindadobkin.com
Artist John Dobson,http://www.oneartbyjohndobson.com
Artist John Dobson,http://www.oneartbyjohndobson.com
Artist marin dobson,http://www.marindobsonpaintings.com
Artist marin dobson,http://www.marindobsonpaintings.com
Artist Stephen Dobson,http://www.stephendobson.com
Artist Christine D'Addario,http://www.christinedaddario.com
Artist Christine D'Addario,http://www.christinedaddario.com
Artist Verna D'Alto,http://www.daltoart.com
Artist Verna D'Alto,http://www.daltoart.com
Artist Sam D'Ambruoso,http://www.samdambruoso.com
Artist Sam D'Ambruoso,http://www.samdambruoso.com
Artist Suzanne K D'Arcy,http://www.suzannekdarcyfineart.com/
Artist Suzanne K D'Arcy,http://www.suzannekdarcyfineart.com/
Artist Alice Dobbin,http://www.alicedobbin.com
Artist Alice Dobbin,http://www.alicedobbin.com
Artist Rose Dobbins,http://www.rosedobbins.com
Artist Rose Dobbins,http://www.rosedobbins.com
Artist Sara Jane Doberstein,http://www.sarajanedoberstein.com
Artist Sara Jane Doberstein,http://www.sarajanedoberstein.com
Artist Linda Dobkin,http://www.lindadobkin.com
Artist Linda Dobkin,http://www.lindadobkin.com
Artist John Dobson,http://www.oneartbyjohndobson.com
Artist John Dobson,http://www.oneartbyjohndobson.com
Artist marin dobson,http://www.marindobsonpaintings.com
Artist marin dobson,http://www.marindobsonpaintings.com
Artist Stephen Dobson,http://www.stephendobson.com
Artist Stephen Dobson,http://www.stephendobson.com
Artist Christine D'Addario,http://www.christinedaddario.com
Artist Christine D'Addario,http://www.christinedaddario.com
Artist Verna D'Alto,http://www.daltoart.com
Artist Verna D'Alto,http://www.daltoart.com
Artist Sam D'Ambruoso,http://www.samdambruoso.com
Artist Sam D'Ambruoso,http://www.samdambruoso.com
Artist Suzanne K D'Arcy,http://www.suzannekdarcyfineart.com/
Artist Suzanne K D'Arcy,http://www.suzannekdarcyfineart.com/
Artist Alice Dobbin,http://www.alicedobbin.com
Artist Alice Dobbin,http://www.alicedobbin.com
Artist Rose Dobbins,http://www.rosedobbins.com
Artist Rose Dobbins,http://www.rosedobbins.com
Artist Sara Jane Doberstein,http://www.sarajanedoberstein.com
Artist Sara Jane Doberstein,http://www.sarajanedoberstein.com
Artist Linda Dobkin,http://www.lindadobkin.com
Artist Linda Dobkin,http://www.lindadobkin.com
Artist John Dobson,http://www.oneartbyjohndobson.com
Artist John Dobson,http://www.oneartbyjohndobson.com
Artist marin dobson,http://www.marindobsonpaintings.com
Artist marin dobson,http://www.marindobsonpaintings.com
Artist Stephen Dobson,http://www.stephendobson.com
Artist Stephen Dobson,http://www.stephendobson.com
Artist Frances Dodd,http://www.francesdoddfineart.com
Artist Christine D'Addario,http://www.christinedaddario.com
Artist Christine D'Addario,http://www.christinedaddario.com
Artist Verna D'Alto,http://www.daltoart.com
Artist Verna D'Alto,http://www.daltoart.com
Artist Sam D'Ambruoso,http://www.samdambruoso.com
Artist Sam D'Ambruoso,http://www.samdambruoso.com
Artist Suzanne K D'Arcy,http://www.suzannekdarcyfineart.com/
Artist Suzanne K D'Arcy,http://www.suzannekdarcyfineart.com/
Artist Alice Dobbin,http://www.alicedobbin.com
Artist Alice Dobbin,http://www.alicedobbin.com
Artist Rose Dobbins,http://www.rosedobbins.com
Artist Rose Dobbins,http://www.rosedobbins.com
Artist Sara Jane Doberstein,http://www.sarajanedoberstein.com
Artist Sara Jane Doberstein,http://www.sarajanedoberstein.com
Artist Linda Dobkin,http://www.lindadobkin.com
Artist Linda Dobkin,http://www.lindadobkin.com
Artist John Dobson,http://www.oneartbyjohndobson.com
Artist John Dobson,http://www.oneartbyjohndobson.com
Artist marin dobson,http://www.marindobsonpaintings.com
Artist marin dobson,http://www.marindobsonpaintings.com
Artist Stephen Dobson,http://www.stephendobson.com
Artist Stephen Dobson,http://www.stephendobson.com
Artist Frances Dodd,http://www.francesdoddfineart.com
Artist Frances Dodd,http://www.francesdoddfineart.com
Artist Christine D'Addario,http://www.christinedaddario.com
Artist Christine D'Addario,http://www.christinedaddario.com
Artist Verna D'Alto,http://www.daltoart.com
Artist Verna D'Alto,http://www.daltoart.com
Artist Sam D'Ambruoso,http://www.samdambruoso.com
Artist Sam D'Ambruoso,http://www.samdambruoso.com
Artist Suzanne K D'Arcy,http://www.suzannekdarcyfineart.com/
Artist Suzanne K D'Arcy,http://www.suzannekdarcyfineart.com/
Artist Alice Dobbin,http://www.alicedobbin.com
Artist Alice Dobbin,http://www.alicedobbin.com
Artist Rose Dobbins,http://www.rosedobbins.com
Artist Rose Dobbins,http://www.rosedobbins.com
Artist Sara Jane Doberstein,http://www.sarajanedoberstein.com
Artist Sara Jane Doberstein,http://www.sarajanedoberstein.com
Artist Linda Dobkin,http://www.lindadobkin.com
Artist Linda Dobkin,http://www.lindadobkin.com
Artist John Dobson,http://www.oneartbyjohndobson.com
Artist John Dobson,http://www.oneartbyjohndobson.com
Artist marin dobson,http://www.marindobsonpaintings.com
Artist marin dobson,http://www.marindobsonpaintings.com
Artist Stephen Dobson,http://www.stephendobson.com
Artist Stephen Dobson,http://www.stephendobson.com
Artist Frances Dodd,http://www.francesdoddfineart.com
Artist Frances Dodd,http://www.francesdoddfineart.com
Artist Constance A. Dodge,http://constanceadodge.com
Artist Christine D'Addario,http://www.christinedaddario.com
Artist Christine D'Addario,http://www.christinedaddario.com
Artist Verna D'Alto,http://www.daltoart.com
Artist Verna D'Alto,http://www.daltoart.com
Artist Sam D'Ambruoso,http://www.samdambruoso.com
Artist Sam D'Ambruoso,http://www.samdambruoso.com
Artist Suzanne K D'Arcy,http://www.suzannekdarcyfineart.com/
Artist Suzanne K D'Arcy,http://www.suzannekdarcyfineart.com/
Artist Alice Dobbin,http://www.alicedobbin.com
Artist Alice Dobbin,http://www.alicedobbin.com
Artist Rose Dobbins,http://www.rosedobbins.com
Artist Rose Dobbins,http://www.rosedobbins.com
Artist Sara Jane Doberstein,http://www.sarajanedoberstein.com
Artist Sara Jane Doberstein,http://www.sarajanedoberstein.com
Artist Linda Dobkin,http://www.lindadobkin.com
Artist Linda Dobkin,http://www.lindadobkin.com
Artist John Dobson,http://www.oneartbyjohndobson.com
Artist John Dobson,http://www.oneartbyjohndobson.com
Artist marin dobson,http://www.marindobsonpaintings.com
Artist marin dobson,http://www.marindobsonpaintings.com
Artist Stephen Dobson,http://www.stephendobson.com
Artist Stephen Dobson,http://www.stephendobson.com
Artist Frances Dodd,http://www.francesdoddfineart.com
Artist Frances Dodd,http://www.francesdoddfineart.com
Artist Constance A. Dodge,http://constanceadodge.com
Artist Constance A. Dodge,http://constanceadodge.com
Artist Christine D'Addario,http://www.christinedaddario.com
Artist Christine D'Addario,http://www.christinedaddario.com
Artist Verna D'Alto,http://www.daltoart.com
Artist Verna D'Alto,http://www.daltoart.com
Artist Sam D'Ambruoso,http://www.samdambruoso.com
Artist Sam D'Ambruoso,http://www.samdambruoso.com
Artist Suzanne K D'Arcy,http://www.suzannekdarcyfineart.com/
Artist Suzanne K D'Arcy,http://www.suzannekdarcyfineart.com/
Artist Alice Dobbin,http://www.alicedobbin.com
Artist Alice Dobbin,http://www.alicedobbin.com
Artist Rose Dobbins,http://www.rosedobbins.com
Artist Rose Dobbins,http://www.rosedobbins.com
Artist Sara Jane Doberstein,http://www.sarajanedoberstein.com
Artist Sara Jane Doberstein,http://www.sarajanedoberstein.com
Artist Linda Dobkin,http://www.lindadobkin.com
Artist Linda Dobkin,http://www.lindadobkin.com
Artist John Dobson,http://www.oneartbyjohndobson.com
Artist John Dobson,http://www.oneartbyjohndobson.com
Artist marin dobson,http://www.marindobsonpaintings.com
Artist marin dobson,http://www.marindobsonpaintings.com
Artist Stephen Dobson,http://www.stephendobson.com
Artist Stephen Dobson,http://www.stephendobson.com
Artist Frances Dodd,http://www.francesdoddfineart.com
Artist Frances Dodd,http://www.francesdoddfineart.com
Artist Constance A. Dodge,http://constanceadodge.com
Artist Constance A. Dodge,http://constanceadodge.com
Artist Dave Dodge,http://www.davedodge.com
Artist Christine D'Addario,http://www.christinedaddario.com
Artist Christine D'Addario,http://www.christinedaddario.com
Artist Verna D'Alto,http://www.daltoart.com
Artist Verna D'Alto,http://www.daltoart.com
Artist Sam D'Ambruoso,http://www.samdambruoso.com
Artist Sam D'Ambruoso,http://www.samdambruoso.com
Artist Suzanne K D'Arcy,http://www.suzannekdarcyfineart.com/
Artist Suzanne K D'Arcy,http://www.suzannekdarcyfineart.com/
Artist Alice Dobbin,http://www.alicedobbin.com
Artist Alice Dobbin,http://www.alicedobbin.com
Artist Rose Dobbins,http://www.rosedobbins.com
Artist Rose Dobbins,http://www.rosedobbins.com
Artist Sara Jane Doberstein,http://www.sarajanedoberstein.com
Artist Sara Jane Doberstein,http://www.sarajanedoberstein.com
Artist Linda Dobkin,http://www.lindadobkin.com
Artist Linda Dobkin,http://www.lindadobkin.com
Artist John Dobson,http://www.oneartbyjohndobson.com
Artist John Dobson,http://www.oneartbyjohndobson.com
Artist marin dobson,http://www.marindobsonpaintings.com
Artist marin dobson,http://www.marindobsonpaintings.com
Artist Stephen Dobson,http://www.stephendobson.com
Artist Stephen Dobson,http://www.stephendobson.com
Artist Frances Dodd,http://www.francesdoddfineart.com
Artist Frances Dodd,http://www.francesdoddfineart.com
Artist Constance A. Dodge,http://constanceadodge.com
Artist Constance A. Dodge,http://constanceadodge.com
Artist Dave Dodge,http://www.davedodge.com
Artist Dave Dodge,http://www.davedodge.com
Artist Christine D'Addario,http://www.christinedaddario.com
Artist Christine D'Addario,http://www.christinedaddario.com
Artist Verna D'Alto,http://www.daltoart.com
Artist Verna D'Alto,http://www.daltoart.com
Artist Sam D'Ambruoso,http://www.samdambruoso.com
Artist Sam D'Ambruoso,http://www.samdambruoso.com
Artist Suzanne K D'Arcy,http://www.suzannekdarcyfineart.com/
Artist Suzanne K D'Arcy,http://www.suzannekdarcyfineart.com/
Artist Alice Dobbin,http://www.alicedobbin.com
Artist Alice Dobbin,http://www.alicedobbin.com
Artist Rose Dobbins,http://www.rosedobbins.com
Artist Rose Dobbins,http://www.rosedobbins.com
Artist Sara Jane Doberstein,http://www.sarajanedoberstein.com
Artist Sara Jane Doberstein,http://www.sarajanedoberstein.com
Artist Linda Dobkin,http://www.lindadobkin.com
Artist Linda Dobkin,http://www.lindadobkin.com
Artist John Dobson,http://www.oneartbyjohndobson.com
Artist John Dobson,http://www.oneartbyjohndobson.com
Artist marin dobson,http://www.marindobsonpaintings.com
Artist marin dobson,http://www.marindobsonpaintings.com
Artist Stephen Dobson,http://www.stephendobson.com
Artist Stephen Dobson,http://www.stephendobson.com
Artist Frances Dodd,http://www.francesdoddfineart.com
Artist Frances Dodd,http://www.francesdoddfineart.com
Artist Constance A. Dodge,http://constanceadodge.com
Artist Constance A. Dodge,http://constanceadodge.com
Artist Dave Dodge,http://www.davedodge.com
Artist Dave Dodge,http://www.davedodge.com
Artist Kaytee Dodge,http://www.kayteedodge.com
Artist Christine D'Addario,http://www.christinedaddario.com
Artist Christine D'Addario,http://www.christinedaddario.com
Artist Verna D'Alto,http://www.daltoart.com
Artist Verna D'Alto,http://www.daltoart.com
Artist Sam D'Ambruoso,http://www.samdambruoso.com
Artist Sam D'Ambruoso,http://www.samdambruoso.com
Artist Suzanne K D'Arcy,http://www.suzannekdarcyfineart.com/
Artist Suzanne K D'Arcy,http://www.suzannekdarcyfineart.com/
Artist Alice Dobbin,http://www.alicedobbin.com
Artist Alice Dobbin,http://www.alicedobbin.com
Artist Rose Dobbins,http://www.rosedobbins.com
Artist Rose Dobbins,http://www.rosedobbins.com
Artist Sara Jane Doberstein,http://www.sarajanedoberstein.com
Artist Sara Jane Doberstein,http://www.sarajanedoberstein.com
Artist Linda Dobkin,http://www.lindadobkin.com
Artist Linda Dobkin,http://www.lindadobkin.com
Artist John Dobson,http://www.oneartbyjohndobson.com
Artist John Dobson,http://www.oneartbyjohndobson.com
Artist marin dobson,http://www.marindobsonpaintings.com
Artist marin dobson,http://www.marindobsonpaintings.com
Artist Stephen Dobson,http://www.stephendobson.com
Artist Stephen Dobson,http://www.stephendobson.com
Artist Frances Dodd,http://www.francesdoddfineart.com
Artist Frances Dodd,http://www.francesdoddfineart.com
Artist Constance A. Dodge,http://constanceadodge.com
Artist Constance A. Dodge,http://constanceadodge.com
Artist Dave Dodge,http://www.davedodge.com
Artist Dave Dodge,http://www.davedodge.com
Artist Kaytee Dodge,http://www.kayteedodge.com
Artist Kaytee Dodge,http://www.kayteedodge.com
Artist Robert Akers,http://www.robertakers.com
Artist Robert Akers,http://www.robertakers.com
Artist Robert Akers,http://www.robertakers.com
Artist Robert Akers,http://www.robertakers.com
Artist Robert Akers,http://www.robertakers.com
Artist Rob Akey,http://www.RobAkey.com
Artist Robert Akers,http://www.robertakers.com
Artist Robert Akers,http://www.robertakers.com
Artist Rob Akey,http://www.RobAkey.com
Artist Rob Akey,http://www.RobAkey.com
Artist Robert Akers,http://www.robertakers.com
Artist Robert Akers,http://www.robertakers.com
Artist Rob Akey,http://www.RobAkey.com
Artist Rob Akey,http://www.RobAkey.com
Artist Vani Akula,http://www.vanifineart.com
Artist Robert Akers,http://www.robertakers.com
Artist Robert Akers,http://www.robertakers.com
Artist Rob Akey,http://www.RobAkey.com
Artist Rob Akey,http://www.RobAkey.com
Artist Vani Akula,http://www.vanifineart.com
Artist Vani Akula,http://www.vanifineart.com
Artist Robert Akers,http://www.robertakers.com
Artist Robert Akers,http://www.robertakers.com
Artist Rob Akey,http://www.RobAkey.com
Artist Rob Akey,http://www.RobAkey.com
Artist Vani Akula,http://www.vanifineart.com
Artist Vani Akula,http://www.vanifineart.com
Artist Sayed Alam,http://salam.fineartstudioonline.com
Artist Robert Akers,http://www.robertakers.com
Artist Robert Akers,http://www.robertakers.com
Artist Rob Akey,http://www.RobAkey.com
Artist Rob Akey,http://www.RobAkey.com
Artist Vani Akula,http://www.vanifineart.com
Artist Vani Akula,http://www.vanifineart.com
Artist Sayed Alam,http://salam.fineartstudioonline.com
Artist Sayed Alam,http://salam.fineartstudioonline.com
Artist Robert Akers,http://www.robertakers.com
Artist Robert Akers,http://www.robertakers.com
Artist Rob Akey,http://www.RobAkey.com
Artist Rob Akey,http://www.RobAkey.com
Artist Vani Akula,http://www.vanifineart.com
Artist Vani Akula,http://www.vanifineart.com
Artist Sayed Alam,http://salam.fineartstudioonline.com
Artist Sayed Alam,http://salam.fineartstudioonline.com
Artist Lee Alban,http://www.leealban.com
Artist Robert Akers,http://www.robertakers.com
Artist Robert Akers,http://www.robertakers.com
Artist Rob Akey,http://www.RobAkey.com
Artist Rob Akey,http://www.RobAkey.com
Artist Vani Akula,http://www.vanifineart.com
Artist Vani Akula,http://www.vanifineart.com
Artist Sayed Alam,http://salam.fineartstudioonline.com
Artist Sayed Alam,http://salam.fineartstudioonline.com
Artist Lee Alban,http://www.leealban.com
Artist Lee Alban,http://www.leealban.com
Artist Robert Akers,http://www.robertakers.com
Artist Robert Akers,http://www.robertakers.com
Artist Rob Akey,http://www.RobAkey.com
Artist Rob Akey,http://www.RobAkey.com
Artist Vani Akula,http://www.vanifineart.com
Artist Vani Akula,http://www.vanifineart.com
Artist Sayed Alam,http://salam.fineartstudioonline.com
Artist Sayed Alam,http://salam.fineartstudioonline.com
Artist Lee Alban,http://www.leealban.com
Artist Lee Alban,http://www.leealban.com
Artist Suhaib Albarzinji,http://www.barzinji.com
